{"baseline_pace": 9.828319059959611, "fatigue_today": 4.036962292749361, "alpha": 0.7569444444444444}